Black Jeck,2018-10-02 06:20,2018-10-02 08:20,1007
Remi,2018-04-11 16:58,2018-04-11 19:58,1002
Remi,2018-07-15 22:42,2018-07-16 02:42,1005
Poker,2018-04-22 04:05,2018-04-22 07:05,1005
Remi,2018-10-18 05:52,2018-10-18 07:52,1005
Black Jeck,2018-09-25 21:50,2018-09-25 22:50,1006
Poker,2018-03-20 04:42,2018-03-20 05:42,1003
Black Jeck,2018-01-15 18:07,2018-01-15 19:07,1007
Bridge,2018-05-04 13:34,2018-05-04 17:34,1007
Poker,2018-12-04 10:58,2018-12-04 12:58,1003
Poker,2018-03-11 01:41,2018-03-11 05:41,1003
Black Jeck,2018-12-19 14:30,2018-12-19 15:30,1002
Remi,2018-11-11 16:59,2018-11-11 19:59,1002
Bridge,2018-03-05 12:23,2018-03-05 15:23,1000
Black Jeck,2018-01-22 09:57,2018-01-22 11:57,1007
Bridge,2018-08-04 19:43,2018-08-04 23:43,1006
Remi,2018-06-05 22:54,2018-06-05 23:54,1009
Black Jeck,2018-06-14 14:16,2018-06-14 16:16,1003
Remi,2018-09-23 23:27,2018-09-24 03:27,1001
Bridge,2018-10-21 08:25,2018-10-21 11:25,1006
